gs://bucketname/reid/reid_library (1).JPG,reid
gs://bucketname/reid/reid_library (2).JPG,reid
gs://bucketname/reid/reid_library (3).JPG,reid
gs://bucketname/reid/reid_library (4).JPG,reid
gs://bucketname/reid/reid_library (5).JPG,reid
gs://bucketname/reid/reid_library (6).JPG,reid
gs://bucketname/reid/reid_library (7).JPG,reid
gs://bucketname/reid/reid_library (8).JPG,reid
gs://bucketname/reid/reid_library (9).JPG,reid
gs://bucketname/reid/reid_library (10).JPG,reid
gs://bucketname/reid/reid_library (11).JPG,reid
gs://bucketname/reid/reid_library (12).JPG,reid
gs://bucketname/reid/reid_library (13).JPG,reid
gs://bucketname/reid/reid_library (14).JPG,reid
gs://bucketname/reid/reid_library (15).JPG,reid
gs://bucketname/reid/reid_library (16).JPG,reid
gs://bucketname/reid/reid_library (17).JPG,reid
gs://bucketname/reid/reid_library (18).JPG,reid
gs://bucketname/reid/reid_library (19).JPG,reid
gs://bucketname/reid/reid_library (20).JPG,reid
gs://bucketname/reid/reid_library (21).JPG,reid
gs://bucketname/reid/reid_library (22).JPG,reid
gs://bucketname/reid/reid_library (23).JPG,reid
gs://bucketname/reid/reid_library (24).JPG,reid
gs://bucketname/reid/reid_library (25).JPG,reid
gs://bucketname/reid/reid_library (26).JPG,reid
gs://bucketname/reid/reid_library (27).JPG,reid
gs://bucketname/reid/reid_library (28).JPG,reid
gs://bucketname/reid/reid_library (29).JPG,reid
gs://bucketname/reid/reid_library (30).JPG,reid
gs://bucketname/reid/reid_library (31).JPG,reid
gs://bucketname/reid/reid_library (32).JPG,reid
gs://bucketname/reid/reid_library (33).JPG,reid
gs://bucketname/reid/reid_library (34).JPG,reid
gs://bucketname/reid/reid_library (35).JPG,reid
gs://bucketname/reid/reid_library (36).JPG,reid
gs://bucketname/reid/reid_library (37).JPG,reid
gs://bucketname/reid/reid_library (38).JPG,reid
gs://bucketname/reid/reid_library (39).JPG,reid
gs://bucketname/reid/reid_library (40).JPG,reid
gs://bucketname/reid/reid_library (41).JPG,reid
gs://bucketname/reid/reid_library (42).JPG,reid
gs://bucketname/reid/reid_library (43).JPG,reid
gs://bucketname/reid/reid_library (44).JPG,reid
gs://bucketname/reid/reid_library (45).JPG,reid
gs://bucketname/reid/reid_library (46).JPG,reid
gs://bucketname/reid/reid_library (47).JPG,reid
gs://bucketname/reid/reid_library (48).JPG,reid
gs://bucketname/reid/reid_library (49).JPG,reid
gs://bucketname/reid/reid_library (50).JPG,reid
gs://bucketname/reid/reid_library (51).JPG,reid
gs://bucketname/reid/reid_library (52).JPG,reid
gs://bucketname/reid/reid_library (53).JPG,reid
gs://bucketname/reid/reid_library (54).JPG,reid
gs://bucketname/reid/reid_library (55).JPG,reid
gs://bucketname/reid/reid_library (56).JPG,reid
gs://bucketname/reid/reid_library (57).JPG,reid
gs://bucketname/reid/reid_library (58).JPG,reid
gs://bucketname/reid/reid_library (59).JPG,reid
gs://bucketname/reid/reid_library (60).JPG,reid
gs://bucketname/reid/reid_library (61).JPG,reid
gs://bucketname/reid/reid_library (62).JPG,reid
gs://bucketname/reid/reid_library (63).JPG,reid
gs://bucketname/reid/reid_library (64).JPG,reid
gs://bucketname/reid/reid_library (65).JPG,reid
gs://bucketname/reid/reid_library (66).JPG,reid
gs://bucketname/reid/reid_library (67).JPG,reid
gs://bucketname/reid/reid_library (68).JPG,reid
gs://bucketname/reid/reid_library (69).JPG,reid
gs://bucketname/reid/reid_library (70).JPG,reid
gs://bucketname/reid/reid_library (71).JPG,reid
gs://bucketname/reid/reid_library (72).JPG,reid
gs://bucketname/reid/reid_library (73).JPG,reid
gs://bucketname/reid/reid_library (74).JPG,reid
gs://bucketname/reid/reid_library (75).JPG,reid
gs://bucketname/reid/reid_library (76).JPG,reid
gs://bucketname/reid/reid_library (77).JPG,reid
gs://bucketname/reid/reid_library (78).JPG,reid
gs://bucketname/winthrop/winthrop (1).JPG,winthrop
gs://bucketname/winthrop/winthrop (2).JPG,winthrop
gs://bucketname/winthrop/winthrop (3).JPG,winthrop
gs://bucketname/winthrop/winthrop (4).JPG,winthrop
gs://bucketname/winthrop/winthrop (5).JPG,winthrop
gs://bucketname/winthrop/winthrop (6).JPG,winthrop
gs://bucketname/winthrop/winthrop (7).JPG,winthrop
gs://bucketname/winthrop/winthrop (8).JPG,winthrop
gs://bucketname/winthrop/winthrop (9).JPG,winthrop
gs://bucketname/winthrop/winthrop (10).JPG,winthrop
gs://bucketname/winthrop/winthrop (11).JPG,winthrop
gs://bucketname/winthrop/winthrop (12).JPG,winthrop
gs://bucketname/winthrop/winthrop (13).JPG,winthrop
gs://bucketname/winthrop/winthrop (14).JPG,winthrop
gs://bucketname/winthrop/winthrop (15).JPG,winthrop
gs://bucketname/winthrop/winthrop (16).JPG,winthrop
gs://bucketname/winthrop/winthrop (17).JPG,winthrop
gs://bucketname/winthrop/winthrop (18).JPG,winthrop
gs://bucketname/winthrop/winthrop (19).JPG,winthrop
gs://bucketname/winthrop/winthrop (20).JPG,winthrop
gs://bucketname/winthrop/winthrop (21).JPG,winthrop
gs://bucketname/winthrop/winthrop (22).JPG,winthrop
gs://bucketname/winthrop/winthrop (23).JPG,winthrop
gs://bucketname/winthrop/winthrop (24).JPG,winthrop
gs://bucketname/winthrop/winthrop (25).JPG,winthrop
gs://bucketname/winthrop/winthrop (26).JPG,winthrop
gs://bucketname/winthrop/winthrop (27).JPG,winthrop
gs://bucketname/winthrop/winthrop (28).JPG,winthrop
gs://bucketname/winthrop/winthrop (29).JPG,winthrop
gs://bucketname/winthrop/winthrop (30).JPG,winthrop
gs://bucketname/winthrop/winthrop (31).JPG,winthrop
gs://bucketname/winthrop/winthrop (32).JPG,winthrop
gs://bucketname/winthrop/winthrop (33).JPG,winthrop
gs://bucketname/winthrop/winthrop (34).JPG,winthrop
gs://bucketname/winthrop/winthrop (35).JPG,winthrop
gs://bucketname/winthrop/winthrop (36).JPG,winthrop
gs://bucketname/winthrop/winthrop (37).JPG,winthrop
gs://bucketname/winthrop/winthrop (38).JPG,winthrop
gs://bucketname/winthrop/winthrop (39).JPG,winthrop
gs://bucketname/winthrop/winthrop (40).JPG,winthrop
gs://bucketname/winthrop/winthrop (41).JPG,winthrop
gs://bucketname/winthrop/winthrop (42).JPG,winthrop
gs://bucketname/winthrop/winthrop (43).JPG,winthrop
gs://bucketname/winthrop/winthrop (44).JPG,winthrop
gs://bucketname/winthrop/winthrop (45).JPG,winthrop
gs://bucketname/winthrop/winthrop (46).JPG,winthrop
gs://bucketname/winthrop/winthrop (47).JPG,winthrop
gs://bucketname/winthrop/winthrop (48).JPG,winthrop
gs://bucketname/winthrop/winthrop (49).JPG,winthrop
gs://bucketname/winthrop/winthrop (50).JPG,winthrop
gs://bucketname/winthrop/winthrop (51).JPG,winthrop
gs://bucketname/winthrop/winthrop (52).JPG,winthrop
gs://bucketname/winthrop/winthrop (53).JPG,winthrop
gs://bucketname/winthrop/winthrop (54).JPG,winthrop
gs://bucketname/winthrop/winthrop (55).JPG,winthrop
gs://bucketname/winthrop/winthrop (56).JPG,winthrop
gs://bucketname/winthrop/winthrop (57).JPG,winthrop
gs://bucketname/winthrop/winthrop (58).JPG,winthrop
gs://bucketname/winthrop/winthrop (59).JPG,winthrop
gs://bucketname/winthrop/winthrop (60).JPG,winthrop
gs://bucketname/winthrop/winthrop (61).JPG,winthrop
gs://bucketname/winthrop/winthrop (62).JPG,winthrop
gs://bucketname/winthrop/winthrop (63).JPG,winthrop
gs://bucketname/winthrop/winthrop (64).JPG,winthrop
gs://bucketname/winthrop/winthrop (65).JPG,winthrop
gs://bucketname/winthrop/winthrop (66).JPG,winthrop
gs://bucketname/winthrop/winthrop (67).JPG,winthrop
gs://bucketname/winthrop/winthrop (68).JPG,winthrop
gs://bucketname/winthrop/winthrop (69).JPG,winthrop
gs://bucketname/winthrop/winthrop (70).JPG,winthrop
gs://bucketname/winthrop/winthrop (71).JPG,winthrop
gs://bucketname/winthrop/winthrop (72).JPG,winthrop
gs://bucketname/winthrop/winthrop (73).JPG,winthrop
gs://bucketname/winthrop/winthrop (74).JPG,winthrop
gs://bucketname/winthrop/winthrop (75).JPG,winthrop
gs://bucketname/winthrop/winthrop (76).JPG,winthrop
gs://bucketname/winthrop/winthrop (77).JPG,winthrop
gs://bucketname/winthrop/winthrop (78).JPG,winthrop
gs://bucketname/winthrop/winthrop (79).JPG,winthrop
gs://bucketname/winthrop/winthrop (80).JPG,winthrop
gs://bucketname/winthrop/winthrop (81).JPG,winthrop
gs://bucketname/winthrop/winthrop (82).JPG,winthrop
gs://bucketname/winthrop/winthrop (83).JPG,winthrop
gs://bucketname/winthrop/winthrop (84).JPG,winthrop
gs://bucketname/winthrop/winthrop (85).JPG,winthrop
gs://bucketname/winthrop/winthrop (86).JPG,winthrop
gs://bucketname/winthrop/winthrop (87).JPG,winthrop
gs://bucketname/winthrop/winthrop (88).JPG,winthrop
gs://bucketname/winthrop/winthrop (89).JPG,winthrop
gs://bucketname/winthrop/winthrop (90).JPG,winthrop
gs://bucketname/winthrop/winthrop (91).JPG,winthrop
gs://bucketname/winthrop/winthrop (92).JPG,winthrop
gs://bucketname/winthrop/winthrop (93).JPG,winthrop
gs://bucketname/winthrop/winthrop (94).JPG,winthrop
gs://bucketname/winthrop/winthrop (95).JPG,winthrop
gs://bucketname/winthrop/winthrop (96).JPG,winthrop
gs://bucketname/winthrop/winthrop (97).JPG,winthrop
gs://bucketname/winthrop/winthrop (98).JPG,winthrop
gs://bucketname/winthrop/winthrop (99).JPG,winthrop
gs://bucketname/winthrop/winthrop (100).JPG,winthrop
gs://bucketname/winthrop/winthrop (101).JPG,winthrop
gs://bucketname/winthrop/winthrop (102).JPG,winthrop
gs://bucketname/winthrop/winthrop (103).JPG,winthrop
gs://bucketname/winthrop/winthrop (104).JPG,winthrop
gs://bucketname/winthrop/winthrop (105).JPG,winthrop
gs://bucketname/winthrop/winthrop (106).JPG,winthrop
gs://bucketname/winthrop/winthrop (107).JPG,winthrop
gs://bucketname/winthrop/winthrop (108).JPG,winthrop
gs://bucketname/winthrop/winthrop (109).JPG,winthrop
